Workbook

Sheet NAMES
A1: 1 | B1: Азбаяр
A2: 2 | B2: Азжаргал
A3: 3 | B3: Алтангэрэл
A4: 4 | B4: Ананд
A5: 5 | B5: Анар
A6: 6 | B6: Анхбаяр
A7: 7 | B7: Анхил
A8: 8 | B8: Батжаргал
A9: 9 | B9: Бат-Эрдэнэ
A10: 10 | B10: Билгүүн
A11: 11 | B11: Болд
A12: 12 | B12: Бямбасүрэн
... A60: 60 | B60: Сайнзаяа

Sheet Burtgel
A2: 1 | B2: {=INDEX(NAMES!B:B, RANDBETWEEN(1, COUNTA(NAMES!B:B)))} -> Халиунаа | C2: {=INDEX(NAMES!B:B, RANDBETWEEN(1, COUNTA(NAMES!B:B)))} -> Мөнхтулга | D2: =UPPER(LEFT(E2,2))& TEXT(F2,"yy")& TEXT(F2,"mmdd")&TEXT(RANDBETWEEN(0,99),"00") -> ГО94010121 | E2: =INDEX(COUNTRY!B:B,RANDBETWEEN(1,COUNTA(COUNTRY!B:B))) -> Говьсүмбэр | F2: 34335 | G2: =CHOOSE(RANDBETWEEN(1,2),"Эр","Эм") -> Эр
A3: 2 | B3: {=INDEX(NAMES!B:B, RANDBETWEEN(1, COUNTA(NAMES!B:B)))} -> Хулан | C3: {=INDEX(NAMES!B:B, RANDBETWEEN(1, COUNTA(NAMES!B:B)))} -> Амина | D3: =UPPER(LEFT(E3,2))& TEXT(F3,"yy")& TEXT(F3,"mmdd")&TEXT(RANDBETWEEN(0,99),"00") -> ӨВ94010208 | E3: =INDEX(COUNTRY!B:B,RANDBETWEEN(1,COUNTA(COUNTRY!B:B))) -> Өвөрхангай | F3: 34336 | G3: =CHOOSE(RANDBETWEEN(1,2),"Эр","Эм") -> Эр
A4: 3 | B4: {=INDEX(NAMES!B:B, RANDBETWEEN(1, COUNTA(NAMES!B:B)))} -> Ариунжаргал | C4: {=INDEX(NAMES!B:B, RANDBETWEEN(1, COUNTA(NAMES!B:B)))} -> Мөнхбат | D4: =UPPER(LEFT(E4,2))& TEXT(F4,"yy")& TEXT(F4,"mmdd")&TEXT(RANDBETWEEN(0,99),"00") -> ӨМ94010370 | E4: =INDEX(COUNTRY!B:B,RANDBETWEEN(1,COUNTA(COUNTRY!B:B))) -> Өмнөговь | F4: 34337 | G4: =IF(RANDBETWEEN(0,1),"Эр","Эм") -> Эм
A5: 4 | B5: {=INDEX(NAMES!B:B, RANDBETWEEN(1, COUNTA(NAMES!B:B)))} -> Хулан | C5: {=INDEX(NAMES!B:B, RANDBETWEEN(1, COUNTA(NAMES!B:B)))} -> Бямбажаргал | D5: =UPPER(LEFT(E5,2))& TEXT(F5,"yy")& TEXT(F5,"mmdd")&TEXT(RANDBETWEEN(0,99),"00") -> АР94010489 | E5: =INDEX(COUNTRY!B:B,RANDBETWEEN(1,COUNTA(COUNTRY!B:B))) -> Архангай | F5: 34338 | G5: =IF(RANDBETWEEN(0,1),"Эр","Эм") -> Эм
A6: 5 | B6: {=INDEX(NAMES!B:B, RANDBETWEEN(1, COUNTA(NAMES!B:B)))} -> Хүслэн | C6: {=INDEX(NAMES!B:B, RANDBETWEEN(1, COUNTA(NAMES!B:B)))} -> Мөнх-Эрдэнэ | D6: =UPPER(LEFT(E6,2))& TEXT(F6,"yy")& TEXT(F6,"mmdd")&TEXT(RANDBETWEEN(0,99),"00") -> ХЭ94010546 | E6: =INDEX(COUNTRY!B:B,RANDBETWEEN(1,COUNTA(COUNTRY!B:B))) -> Хэнтий | F6: 34339 | G6: =IF(RANDBETWEEN(0,1),"Эр","Эм") -> Эм
A7: 6 | B7: {=INDEX(NAMES!B:B, RANDBETWEEN(1, COUNTA(NAMES!B:B)))} -> Бямбадорж | C7: {=INDEX(NAMES!B:B, RANDBETWEEN(1, COUNTA(NAMES!B:B)))} -> Ариунзаяа | D7: =UPPER(LEFT(E7,2))& TEXT(F7,"yy")& TEXT(F7,"mmdd")&TEXT(RANDBETWEEN(0,99),"00") -> ОР94010620 | E7: =INDEX(COUNTRY!B:B,RANDBETWEEN(1,COUNTA(COUNTRY!B:B))) -> Орхон | F7: 34340 | G7: =IF(RANDBETWEEN(0,1),"Эр","Эм") -> Эр
A8: 7 | B8: {=INDEX(NAMES!B:B, RANDBETWEEN(1, COUNTA(NAMES!B:B)))} -> Дөлгөөн | C8: {=INDEX(NAMES!B:B, RANDBETWEEN(1, COUNTA(NAMES!B:B)))} -> Бямбажаргал | D8: =UPPER(LEFT(E8,2))& TEXT(F8,"yy")& TEXT(F8,"mmdd")&TEXT(RANDBETWEEN(0,99),"00") -> ЗА94010773 | E8: =INDEX(COUNTRY!B:B,RANDBETWEEN(1,COUNTA(COUNTRY!B:B))) -> Завхан | F8: 34341 | G8: =IF(RANDBETWEEN(0,1),"Эр","Эм") -> Эм
A9: 8 | B9: {=INDEX(NAMES!B:B, RANDBETWEEN(1, COUNTA(NAMES!B:B)))} -> Нармандах | C9: {=INDEX(NAMES!B:B, RANDBETWEEN(1, COUNTA(NAMES!B:B)))} -> Соёл-Эрдэнэ | D9: =UPPER(LEFT(E9,2))& TEXT(F9,"yy")& TEXT(F9,"mmdd")&TEXT(RANDBETWEEN(0,99),"00") -> ӨВ94010816 | E9: =INDEX(COUNTRY!B:B,RANDBETWEEN(1,COUNTA(COUNTRY!B:B))) -> Өвөрхангай | F9: 34342 | G9: =IF(RANDBETWEEN(0,1),"Эр","Эм") -> Эр
A10: 9 | B10: {=INDEX(NAMES!B:B, RANDBETWEEN(1, COUNTA(NAMES!B:B)))} -> Лхагвасүрэн | C10: {=INDEX(NAMES!B:B, RANDBETWEEN(1, COUNTA(NAMES!B:B)))} -> Бямбадорж | D10: =UPPER(LEFT(E10,2))& TEXT(F10,"yy")& TEXT(F10,"mmdd")&TEXT(RANDBETWEEN(0,99),"00") -> ЗА94010991 | E10: =INDEX(COUNTRY!B:B,RANDBETWEEN(1,COUNTA(COUNTRY!B:B))) -> Завхан | F10: 34343 | G10: =IF(RANDBETWEEN(0,1),"Эр","Эм") -> Эр
A11: 10 | B11: {=INDEX(NAMES!B:B, RANDBETWEEN(1, COUNTA(NAMES!B:B)))} -> Болд | C11: {=INDEX(NAMES!B:B, RANDBETWEEN(1, COUNTA(NAMES!B:B)))} -> Төгөлдөр | D11: =UPPER(LEFT(E11,2))& TEXT(F11,"yy")& TEXT(F11,"mmdd")&TEXT(RANDBETWEEN(0,99),"00") -> СЭ94011037 | E11: =INDEX(COUNTRY!B:B,RANDBETWEEN(1,COUNTA(COUNTRY!B:B))) -> Сэлэнгэ | F11: 34344 | G11: =IF(RANDBETWEEN(0,1),"Эр","Эм") -> Эр
A12: 11 | B12: {=INDEX(NAMES!B:B, RANDBETWEEN(1, COUNTA(NAMES!B:B)))} -> Анужин | C12: {=INDEX(NAMES!B:B, RANDBETWEEN(1, COUNTA(NAMES!B:B)))} -> Азбаяр | D12: =UPPER(LEFT(E12,2))& TEXT(F12,"yy")& TEXT(F12,"mmdd")&TEXT(RANDBETWEEN(0,99),"00") -> ХЭ95011165 | E12: =INDEX(COUNTRY!B:B,RANDBETWEEN(1,COUNTA(COUNTRY!B:B))) -> Хэнтий | F12: 34710 | G12: =IF(RANDBETWEEN(0,1),"Эр","Эм") -> Эр
A13: 12 | B13: {=INDEX(NAMES!B:B, RANDBETWEEN(1, COUNTA(NAMES!B:B)))} -> Эрдэнэчимэг | C13: {=INDEX(NAMES!B:B, RANDBETWEEN(1, COUNTA(NAMES!B:B)))} -> Энхтуяа | D13: =UPPER(LEFT(E13,2))& TEXT(F13,"yy")& TEXT(F13,"mmdd")&TEXT(RANDBETWEEN(0,99),"00") -> ЗА95011204 | E13: =INDEX(COUNTRY!B:B,RANDBETWEEN(1,COUNTA(COUNTRY!B:B))) -> Завхан | F13: 34711 | G13: =IF(RANDBETWEEN(0,1),"Эр","Эм") -> Эр
A14: 13 | B14: {=INDEX(NAMES!B:B, RANDBETWEEN(1, COUNTA(NAMES!B:B)))} -> Мөнх-Эрдэнэ | C14: {=INDEX(NAMES!B:B, RANDBETWEEN(1, COUNTA(NAMES!B:B)))} -> Тэмүүжин | D14: =UPPER(LEFT(E14,2))& TEXT(F14,"yy")& TEXT(F14,"mmdd")&TEXT(RANDBETWEEN(0,99),"00") -> ДО95011338 | E14: =INDEX(COUNTRY!B:B,RANDBETWEEN(1,COUNTA(COUNTRY!B:B))) -> Дорноговь | F14: 34712 | G14: =IF(RANDBETWEEN(0,1),"Эр","Эм") -> Эр
A15: 14 | B15: {=INDEX(NAMES!B:B, RANDBETWEEN(1, COUNTA(NAMES!B:B)))} -> Сайнзаяа | C15: {=INDEX(NAMES!B:B, RANDBETWEEN(1, COUNTA(NAMES!B:B)))} -> Бат-Эрдэнэ | D15: =UPPER(LEFT(E15,2))& TEXT(F15,"yy")& TEXT(F15,"mmdd")&TEXT(RANDBETWEEN(0,99),"00") -> ХЭ95011417 | E15: =INDEX(COUNTRY!B:B,RANDBETWEEN(1,COUNTA(COUNTRY!B:B))) -> Хэнтий | F15: 34713 | G15: =IF(RANDBETWEEN(0,1),"Эр","Эм") -> Эм
... A21: 20 | B21: {=INDEX(NAMES!B:B, RANDBETWEEN(1, COUNTA(NAMES!B:B)))} -> Лхагвасүрэн | C21: {=INDEX(NAMES!B:B, RANDBETWEEN(1, COUNTA(NAMES!B:B)))} -> Соёл-Эрдэнэ | D21: =UPPER(LEFT(E21,2))& TEXT(F21,"yy")& TEXT(F21,"mmdd")&TEXT(RANDBETWEEN(0,99),"00") -> УЛ95012084 | E21: =INDEX(COUNTRY!B:B,RANDBETWEEN(1,COUNTA(COUNTRY!B:B))) -> Улаанбаатар | F21: 34719 | G21: =IF(RANDBETWEEN(0,1),"Эр","Эм") -> Эм
A22: 21 | B22: {=INDEX(NAMES!B:B, RANDBETWEEN(1, COUNTA(NAMES!B:B)))} -> Билгүүн | C22: {=INDEX(NAMES!B:B, RANDBETWEEN(1, COUNTA(NAMES!B:B)))} -> Соёл-Эрдэнэ | D22: =UPPER(LEFT(E22,2))& TEXT(F22,"yy")& TEXT(F22,"mmdd")&TEXT(RANDBETWEEN(0,99),"00") -> ДА95012129 | E22: =INDEX(COUNTRY!B:B,RANDBETWEEN(1,COUNTA(COUNTRY!B:B))) -> Дархан | F22: 34720 | G22: =CHOOSE(RANDBETWEEN(1,2),"Эр","Эм") -> Эм
A23: 22 | B23: {=INDEX(NAMES!B:B, RANDBETWEEN(1, COUNTA(NAMES!B:B)))} -> Анхбаяр | C23: {=INDEX(NAMES!B:B, RANDBETWEEN(1, COUNTA(NAMES!B:B)))} -> Соёл-Эрдэнэ | D23: =UPPER(LEFT(E23,2))& TEXT(F23,"yy")& TEXT(F23,"mmdd")&TEXT(RANDBETWEEN(0,99),"00") -> АР95012274 | E23: =INDEX(COUNTRY!B:B,RANDBETWEEN(1,COUNTA(COUNTRY!B:B))) -> Архангай | F23: 34721 | G23: =CHOOSE(RANDBETWEEN(1,2),"Эр","Эм") -> Эм
A24: 23 | B24: {=INDEX(NAMES!B:B, RANDBETWEEN(1, COUNTA(NAMES!B:B)))} -> Энхриймаа | C24: {=INDEX(NAMES!B:B, RANDBETWEEN(1, COUNTA(NAMES!B:B)))} -> Ууганбаяр | D24: =UPPER(LEFT(E24,2))& TEXT(F24,"yy")& TEXT(F24,"mmdd")&TEXT(RANDBETWEEN(0,99),"00") -> БА95012343 | E24: =INDEX(COUNTRY!B:B,RANDBETWEEN(1,COUNTA(COUNTRY!B:B))) -> Баянхонгор | F24: 34722 | G24: =CHOOSE(RANDBETWEEN(1,2),"Эр","Эм") -> Эм
A25: 24 | B25: {=INDEX(NAMES!B:B, RANDBETWEEN(1, COUNTA(NAMES!B:B)))} -> Бямбадорж | C25: {=INDEX(NAMES!B:B, RANDBETWEEN(1, COUNTA(NAMES!B:B)))} -> Мөнхбат | D25: =UPPER(LEFT(E25,2))& TEXT(F25,"yy")& TEXT(F25,"mmdd")&TEXT(RANDBETWEEN(0,99),"00") -> СҮ95012496 | E25: =INDEX(COUNTRY!B:B,RANDBETWEEN(1,COUNTA(COUNTRY!B:B))) -> Сүхбаатар | F25: 34723 | G25: =CHOOSE(RANDBETWEEN(1,2),"Эр","Эм") -> Эр
A26: 25 | B26: {=INDEX(NAMES!B:B, RANDBETWEEN(1, COUNTA(NAMES!B:B)))} -> Ананд | C26: {=INDEX(NAMES!B:B, RANDBETWEEN(1, COUNTA(NAMES!B:B)))} -> Элбэг | D26: =UPPER(LEFT(E26,2))& TEXT(F26,"yy")& TEXT(F26,"mmdd")&TEXT(RANDBETWEEN(0,99),"00") -> БА95012502 | E26: =INDEX(COUNTRY!B:B,RANDBETWEEN(1,COUNTA(COUNTRY!B:B))) -> Баянхонгор | F26: 34724 | G26: =CHOOSE(RANDBETWEEN(1,2),"Эр","Эм") -> Эр
A27: 26 | B27: {=INDEX(NAMES!B:B, RANDBETWEEN(1, COUNTA(NAMES!B:B)))} -> Нармандах | C27: {=INDEX(NAMES!B:B, RANDBETWEEN(1, COUNTA(NAMES!B:B)))} -> Дөлгөөн | D27: =UPPER(LEFT(E27,2))& TEXT(F27,"yy")& TEXT(F27,"mmdd")&TEXT(RANDBETWEEN(0,99),"00") -> ТӨ95012693 | E27: =INDEX(COUNTRY!B:B,RANDBETWEEN(1,COUNTA(COUNTRY!B:B))) -> Төв | F27: 34725 | G27: =CHOOSE(RANDBETWEEN(1,2),"Эр","Эм") -> Эр
A28: 27 | B28: {=INDEX(NAMES!B:B, RANDBETWEEN(1, COUNTA(NAMES!B:B)))} -> Өсөх-Ирээдүй | C28: {=INDEX(NAMES!B:B, RANDBETWEEN(1, COUNTA(NAMES!B:B)))} -> Дүүрэнжаргал | D28: =UPPER(LEFT(E28,2))& TEXT(F28,"yy")& TEXT(F28,"mmdd")&TEXT(RANDBETWEEN(0,99),"00") -> УВ95012713 | E28: =INDEX(COUNTRY!B:B,RANDBETWEEN(1,COUNTA(COUNTRY!B:B))) -> Увс | F28: 34726 | G28: =CHOOSE(RANDBETWEEN(1,2),"Эр","Эм") -> Эр
A29: 28 | B29: {=INDEX(NAMES!B:B, RANDBETWEEN(1, COUNTA(NAMES!B:B)))} -> Адьяасүрэн | C29: {=INDEX(NAMES!B:B, RANDBETWEEN(1, COUNTA(NAMES!B:B)))} -> Бямбадорж | D29: =UPPER(LEFT(E29,2))& TEXT(F29,"yy")& TEXT(F29,"mmdd")&TEXT(RANDBETWEEN(0,99),"00") -> ДА95012804 | E29: =INDEX(COUNTRY!B:B,RANDBETWEEN(1,COUNTA(COUNTRY!B:B))) -> Дархан | F29: 34727 | G29: =CHOOSE(RANDBETWEEN(1,2),"Эр","Эм") -> Эм
A30: 29 | B30: {=INDEX(NAMES!B:B, RANDBETWEEN(1, COUNTA(NAMES!B:B)))} -> Амина | C30: {=INDEX(NAMES!B:B, RANDBETWEEN(1, COUNTA(NAMES!B:B)))} -> Чимэдцэрэн | D30: =UPPER(LEFT(E30,2))& TEXT(F30,"yy")& TEXT(F30,"mmdd")&TEXT(RANDBETWEEN(0,99),"00") -> СҮ95012991 | E30: =INDEX(COUNTRY!B:B,RANDBETWEEN(1,COUNTA(COUNTRY!B:B))) -> Сүхбаатар | F30: 34728 | G30: =CHOOSE(RANDBETWEEN(1,2),"Эр","Эм") -> Эр
A31: 30 | B31: {=INDEX(NAMES!B:B, RANDBETWEEN(1, COUNTA(NAMES!B:B)))} -> Цогтжаргал | C31: {=INDEX(NAMES!B:B, RANDBETWEEN(1, COUNTA(NAMES!B:B)))} -> Пүрэвсамбуу | D31: =UPPER(LEFT(E31,2))& TEXT(F31,"yy")& TEXT(F31,"mmdd")&TEXT(RANDBETWEEN(0,99),"00") -> АР95013038 | E31: =INDEX(COUNTRY!B:B,RANDBETWEEN(1,COUNTA(COUNTRY!B:B))) -> Архангай | F31: 34729 | G31: =CHOOSE(RANDBETWEEN(1,2),"Эр","Эм") -> Эм
A32: 31 | B32: {=INDEX(NAMES!B:B, RANDBETWEEN(1, COUNTA(NAMES!B:B)))} -> Ариунжаргал | C32: {=INDEX(NAMES!B:B, RANDBETWEEN(1, COUNTA(NAMES!B:B)))} -> Тэмүүжин | D32: =UPPER(LEFT(E32,2))& TEXT(F32,"yy")& TEXT(F32,"mmdd")&TEXT(RANDBETWEEN(0,99),"00") -> ДО95020142 | E32: =INDEX(COUNTRY!B:B,RANDBETWEEN(1,COUNTA(COUNTRY!B:B))) -> Дорноговь | F32: 34731 | G32: =CHOOSE(RANDBETWEEN(1,2),"Эр","Эм") -> Эр
A33: 32 | B33: {=INDEX(NAMES!B:B, RANDBETWEEN(1, COUNTA(NAMES!B:B)))} -> Азжаргал | C33: {=INDEX(NAMES!B:B, RANDBETWEEN(1, COUNTA(NAMES!B:B)))} -> Анар | D33: =UPPER(LEFT(E33,2))& TEXT(F33,"yy")& TEXT(F33,"mmdd")&TEXT(RANDBETWEEN(0,99),"00") -> ХЭ95020281 | E33: =INDEX(COUNTRY!B:B,RANDBETWEEN(1,COUNTA(COUNTRY!B:B))) -> Хэнтий | F33: 34732 | G33: =CHOOSE(RANDBETWEEN(1,2),"Эр","Эм") -> Эр
... A501: 500 | B501: {=INDEX(NAMES!B:B, RANDBETWEEN(1, COUNTA(NAMES!B:B)))} -> Элбэг | C501: {=INDEX(NAMES!B:B, RANDBETWEEN(1, COUNTA(NAMES!B:B)))} -> Пүрэвсүрэн | D501: =UPPER(LEFT(E501,2))& TEXT(F501,"yy")& TEXT(F501,"mmdd")&TEXT(RANDBETWEEN(0,99),"00") -> ӨМ06021584 | E501: =INDEX(COUNTRY!B:B,RANDBETWEEN(1,COUNTA(COUNTRY!B:B))) -> Өмнөговь | F501: 38763 | G501: =CHOOSE(RANDBETWEEN(1,2),"Эр","Эм") -> Эм

Sheet COUNTRY
A1: 1 | B1: Архангай
A2: 2 | B2: Баян-Өлгий
A3: 3 | B3: Баянхонгор
A4: 4 | B4: Булган
A5: 5 | B5: Говь-Алтай
A6: 6 | B6: Говьсүмбэр
A7: 7 | B7: Дархан
A8: 8 | B8: Дорноговь
A9: 9 | B9: Дорнод
A10: 10 | B10: Дундговь
A11: 11 | B11: Завхан
A12: 12 | B12: Орхон
... A22: 22 | B22: Улаанбаатар

Sheet TEACHER
A1: TEACH_CODE | B1: SUR_NAME | C1: TEACH_NAME
A2: F.IT01 | B2: =INDEX(NAMES!B:B,RANDBETWEEN(1, COUNTA(NAMES!B:B))) -> Оюундэлгэр | C2: =INDEX(NAMES!B:B,RANDBETWEEN(1,COUNTA(NAMES!B:B))) -> Тэмүүжин
A3: F.IT02 | B3: =INDEX(NAMES!B:B,RANDBETWEEN(1, COUNTA(NAMES!B:B))) -> Билгүүн | C3: =INDEX(NAMES!B:B,RANDBETWEEN(1,COUNTA(NAMES!B:B))) -> Эрдэнэчимэг
A4: F.IT03 | B4: =INDEX(NAMES!B:B,RANDBETWEEN(1, COUNTA(NAMES!B:B))) -> Дөлгөөн | C4: =INDEX(NAMES!B:B,RANDBETWEEN(1,COUNTA(NAMES!B:B))) -> Чимэдцэрэн
A5: F.IT04 | B5: =INDEX(NAMES!B:B,RANDBETWEEN(1, COUNTA(NAMES!B:B))) -> Анар | C5: =INDEX(NAMES!B:B,RANDBETWEEN(1,COUNTA(NAMES!B:B))) -> Ариунзаяа
A6: F.IT05 | B6: =INDEX(NAMES!B:B,RANDBETWEEN(1, COUNTA(NAMES!B:B))) -> Билгүүн | C6: =INDEX(NAMES!B:B,RANDBETWEEN(1,COUNTA(NAMES!B:B))) -> Анар
A7: F.IT06 | B7: =INDEX(NAMES!B:B,RANDBETWEEN(1, COUNTA(NAMES!B:B))) -> Дөлгөөн | C7: =INDEX(NAMES!B:B,RANDBETWEEN(1,COUNTA(NAMES!B:B))) -> Мөнхтулга
A8: F.IT07 | B8: =INDEX(NAMES!B:B,RANDBETWEEN(1, COUNTA(NAMES!B:B))) -> Эрдэнэчимэг | C8: =INDEX(NAMES!B:B,RANDBETWEEN(1,COUNTA(NAMES!B:B))) -> Оюун Эрдэнэ
A9: F.IT08 | B9: =INDEX(NAMES!B:B,RANDBETWEEN(1, COUNTA(NAMES!B:B))) -> Азжаргал | C9: =INDEX(NAMES!B:B,RANDBETWEEN(1,COUNTA(NAMES!B:B))) -> Төгөлдөр
A10: F.IT09 | B10: =INDEX(NAMES!B:B,RANDBETWEEN(1, COUNTA(NAMES!B:B))) -> Оюундэлгэр | C10: =INDEX(NAMES!B:B,RANDBETWEEN(1,COUNTA(NAMES!B:B))) -> Оюун Эрдэнэ
A11: F.IT10 | B11: =INDEX(NAMES!B:B,RANDBETWEEN(1, COUNTA(NAMES!B:B))) -> Ганзориг | C11: =INDEX(NAMES!B:B,RANDBETWEEN(1,COUNTA(NAMES!B:B))) -> Бат-Эрдэнэ
A12: F.IT11 | B12: =INDEX(NAMES!B:B,RANDBETWEEN(1, COUNTA(NAMES!B:B))) -> Лхагвасүрэн | C12: =INDEX(NAMES!B:B,RANDBETWEEN(1,COUNTA(NAMES!B:B))) -> Ганзориг
A13: F.IT12 | B13: =INDEX(NAMES!B:B,RANDBETWEEN(1, COUNTA(NAMES!B:B))) -> Соёл-Эрдэнэ | C13: =INDEX(NAMES!B:B,RANDBETWEEN(1,COUNTA(NAMES!B:B))) -> Хулан
... A51: F.IT50 | B51: =INDEX(NAMES!B:B,RANDBETWEEN(1, COUNTA(NAMES!B:B))) -> Өсөх-Ирээдүй | C51: =INDEX(NAMES!B:B,RANDBETWEEN(1,COUNTA(NAMES!B:B))) -> Энхтөр

Sheet STUDENT
A1: STU_CODE | B1: SUR_NAME | C1: STU_NAME
A2: B241940001 | B2: {=INDEX(NAMES!B:B, RANDBETWEEN(1, COUNTA(NAMES!B:B)))} -> Хүслэн | C2: {=INDEX(NAMES!B:B, RANDBETWEEN(1, COUNTA(NAMES!B:B)))} -> Мөнх-Эрдэнэ
A3: B241940002 | B3: {=INDEX(NAMES!B:B, RANDBETWEEN(1, COUNTA(NAMES!B:B)))} -> Элбэг | C3: {=INDEX(NAMES!B:B, RANDBETWEEN(1, COUNTA(NAMES!B:B)))} -> Энхриймаа
A4: B241940003 | B4: {=INDEX(NAMES!B:B, RANDBETWEEN(1, COUNTA(NAMES!B:B)))} -> Энхжин | C4: {=INDEX(NAMES!B:B, RANDBETWEEN(1, COUNTA(NAMES!B:B)))} -> Отгонбаяр
A5: B241940004 | B5: {=INDEX(NAMES!B:B, RANDBETWEEN(1, COUNTA(NAMES!B:B)))} -> Нармандах | C5: {=INDEX(NAMES!B:B, RANDBETWEEN(1, COUNTA(NAMES!B:B)))} -> Амина
A6: B241940005 | B6: {=INDEX(NAMES!B:B, RANDBETWEEN(1, COUNTA(NAMES!B:B)))} -> Эрдэнэчимэг | C6: {=INDEX(NAMES!B:B, RANDBETWEEN(1, COUNTA(NAMES!B:B)))} -> Энхбаяр
A7: B241940006 | B7: {=INDEX(NAMES!B:B, RANDBETWEEN(1, COUNTA(NAMES!B:B)))} -> Ариунзаяа | C7: {=INDEX(NAMES!B:B, RANDBETWEEN(1, COUNTA(NAMES!B:B)))} -> Нармандах
A8: B241940007 | B8: {=INDEX(NAMES!B:B, RANDBETWEEN(1, COUNTA(NAMES!B:B)))} -> Хулан | C8: {=INDEX(NAMES!B:B, RANDBETWEEN(1, COUNTA(NAMES!B:B)))} -> Азбаяр
A9: B241940008 | B9: {=INDEX(NAMES!B:B, RANDBETWEEN(1, COUNTA(NAMES!B:B)))} -> Пүрэвсүрэн | C9: {=INDEX(NAMES!B:B, RANDBETWEEN(1, COUNTA(NAMES!B:B)))} -> Тэмүүлэн
A10: B241940009 | B10: {=INDEX(NAMES!B:B, RANDBETWEEN(1, COUNTA(NAMES!B:B)))} -> Амина | C10: {=INDEX(NAMES!B:B, RANDBETWEEN(1, COUNTA(NAMES!B:B)))} -> Отгонбаяр
A11: B241940010 | B11: {=INDEX(NAMES!B:B, RANDBETWEEN(1, COUNTA(NAMES!B:B)))} -> Энхжин | C11: {=INDEX(NAMES!B:B, RANDBETWEEN(1, COUNTA(NAMES!B:B)))} -> Хулан
A12: B241940011 | B12: {=INDEX(NAMES!B:B, RANDBETWEEN(1, COUNTA(NAMES!B:B)))} -> Хүслэн | C12: {=INDEX(NAMES!B:B, RANDBETWEEN(1, COUNTA(NAMES!B:B)))} -> Бат-Эрдэнэ
A13: B241940012 | B13: {=INDEX(NAMES!B:B, RANDBETWEEN(1, COUNTA(NAMES!B:B)))} -> Ганзориг | C13: {=INDEX(NAMES!B:B, RANDBETWEEN(1, COUNTA(NAMES!B:B)))} -> Болд
... A501: B241940500 | B501: {=INDEX(NAMES!B:B, RANDBETWEEN(1, COUNTA(NAMES!B:B)))} -> Алтангэрэл | C501: {=INDEX(NAMES!B:B, RANDBETWEEN(1, COUNTA(NAMES!B:B)))} -> Тэмүүжин

Sheet LESSON
A1: LESS_CODE | B1: LESS_NAME | C1: LESS_CRE
A2: F.ITA100 | B2: Мэдээллийн технологийн үндэс | C2: 3
A3: F.ITA101 | B3: Мэргэжлийн удиртгал | C3: 1
A4: F.ITA102 | B4: Гамшгаас хамгаалах менежмент | C4: 1
A5: F.ITA103 | B5: Харилцааны англи хэл | C5: 3
A6: F.ITA104 | B6: Программчлалын үндэс | C6: 3
A7: F.ITA105 | B7: Инженерчлэлийн эдийн засаг | C7: 3
A8: F.ITA106 | B8: Монголын түүх | C8: 3
A9: F.ITA107 | B9: Хэл ярианы соёл | C9: 3
A10: F.ITA108 | B10: Математик 1B | C10: 3
A11: F.ITA109 | B11: Математик 2B | C11: 3
A12: F.ITA110 | B12: Физик I | C12: 3
A13: F.ITA111 | B13: Биеийн тамир | C13: 2
... A45: F.ITA143 | B45: Бакалаврын дипломын төсөл | C45: 5

Sheet LESSON_CHOOSE
A1: 1 | B1: =INDEX(STUDENT!A:A, RANDBETWEEN(1, COUNTA(STUDENT!A:A))) -> B241940143 | C1: =INDEX(LESSON!A:A, RANDBETWEEN(2, COUNTA(LESSON!A:A))) -> F.ITA123 | D1: =INDEX(TEACHER!A:A, RANDBETWEEN(2, COUNTA(TEACHER!A:A))) -> F.IT34
A2: 2 | B2: =INDEX(STUDENT!A:A, RANDBETWEEN(1, COUNTA(STUDENT!A:A))) -> B241940076 | C2: =INDEX(LESSON!A:A, RANDBETWEEN(2, COUNTA(LESSON!A:A))) -> F.ITA128 | D2: =INDEX(TEACHER!A:A, RANDBETWEEN(2, COUNTA(TEACHER!A:A))) -> F.IT09
A3: 3 | B3: =INDEX(STUDENT!A:A, RANDBETWEEN(1, COUNTA(STUDENT!A:A))) -> B241940268 | C3: =INDEX(LESSON!A:A, RANDBETWEEN(2, COUNTA(LESSON!A:A))) -> F.ITA120 | D3: =INDEX(TEACHER!A:A, RANDBETWEEN(2, COUNTA(TEACHER!A:A))) -> F.IT46
A4: 4 | B4: =INDEX(STUDENT!A:A, RANDBETWEEN(1, COUNTA(STUDENT!A:A))) -> B241940110 | C4: =INDEX(LESSON!A:A, RANDBETWEEN(2, COUNTA(LESSON!A:A))) -> F.ITA101 | D4: =INDEX(TEACHER!A:A, RANDBETWEEN(2, COUNTA(TEACHER!A:A))) -> F.IT37
A5: 5 | B5: =INDEX(STUDENT!A:A, RANDBETWEEN(1, COUNTA(STUDENT!A:A))) -> B241940142 | C5: =INDEX(LESSON!A:A, RANDBETWEEN(2, COUNTA(LESSON!A:A))) -> F.ITA107 | D5: =INDEX(TEACHER!A:A, RANDBETWEEN(2, COUNTA(TEACHER!A:A))) -> F.IT41
A6: 6 | B6: =INDEX(STUDENT!A:A, RANDBETWEEN(1, COUNTA(STUDENT!A:A))) -> B241940160 | C6: =INDEX(LESSON!A:A, RANDBETWEEN(2, COUNTA(LESSON!A:A))) -> F.ITA123 | D6: =INDEX(TEACHER!A:A, RANDBETWEEN(2, COUNTA(TEACHER!A:A))) -> F.IT28
A7: 7 | B7: =INDEX(STUDENT!A:A, RANDBETWEEN(1, COUNTA(STUDENT!A:A))) -> B241940467 | C7: =INDEX(LESSON!A:A, RANDBETWEEN(2, COUNTA(LESSON!A:A))) -> F.ITA142 | D7: =INDEX(TEACHER!A:A, RANDBETWEEN(2, COUNTA(TEACHER!A:A))) -> F.IT10
A8: 8 | B8: =INDEX(STUDENT!A:A, RANDBETWEEN(1, COUNTA(STUDENT!A:A))) -> B241940056 | C8: =INDEX(LESSON!A:A, RANDBETWEEN(2, COUNTA(LESSON!A:A))) -> F.ITA106 | D8: =INDEX(TEACHER!A:A, RANDBETWEEN(2, COUNTA(TEACHER!A:A))) -> F.IT26
A9: 9 | B9: =INDEX(STUDENT!A:A, RANDBETWEEN(1, COUNTA(STUDENT!A:A))) -> B241940083 | C9: =INDEX(LESSON!A:A, RANDBETWEEN(2, COUNTA(LESSON!A:A))) -> F.ITA108 | D9: =INDEX(TEACHER!A:A, RANDBETWEEN(2, COUNTA(TEACHER!A:A))) -> F.IT37
A10: 10 | B10: =INDEX(STUDENT!A:A, RANDBETWEEN(1, COUNTA(STUDENT!A:A))) -> B241940428 | C10: =INDEX(LESSON!A:A, RANDBETWEEN(2, COUNTA(LESSON!A:A))) -> F.ITA112 | D10: =INDEX(TEACHER!A:A, RANDBETWEEN(2, COUNTA(TEACHER!A:A))) -> F.IT07
A11: 11 | B11: =INDEX(STUDENT!A:A, RANDBETWEEN(1, COUNTA(STUDENT!A:A))) -> B241940061 | C11: =INDEX(LESSON!A:A, RANDBETWEEN(2, COUNTA(LESSON!A:A))) -> F.ITA136 | D11: =INDEX(TEACHER!A:A, RANDBETWEEN(2, COUNTA(TEACHER!A:A))) -> F.IT39
A12: 12 | B12: =INDEX(STUDENT!A:A, RANDBETWEEN(1, COUNTA(STUDENT!A:A))) -> B241940043 | C12: =INDEX(LESSON!A:A, RANDBETWEEN(2, COUNTA(LESSON!A:A))) -> F.ITA111 | D12: =INDEX(TEACHER!A:A, RANDBETWEEN(2, COUNTA(TEACHER!A:A))) -> F.IT45
... A5000: 5000 | B5000: =INDEX(STUDENT!A:A, RANDBETWEEN(1, COUNTA(STUDENT!A:A))) -> B241940437 | C5000: =INDEX(LESSON!A:A, RANDBETWEEN(2, COUNTA(LESSON!A:A))) -> F.ITA125 | D5000: =INDEX(TEACHER!A:A, RANDBETWEEN(2, COUNTA(TEACHER!A:A))) -> F.IT44

Sheet LESSON_DCHOOSE
A1: STU_CODE | B1: STU_NAME | C1: LESS_CODE | D1: LESS_NAME | E1: TEACH_CODE | F1: TEACH_NAME
A2: {=INDEX(STUDENT!A:A,RANDBETWEEN(2,COUNTA(STUDENT!A:A)))} -> B241940108 | B2: =LOOKUP(LESSON_CHOOSE!B1,STUDENT!A:A, STUDENT!C:C) -> Энхжин | C2: =INDEX(LESSON!A:A, RANDBETWEEN(2, COUNTA(LESSON!A:A))) -> F.ITA106 | D2: =LOOKUP(LESSON_CHOOSE!C1, LESSON!A:A,LESSON!B:B) -> Хиймэл оюун ухааны үндэс | E2: =INDEX(TEACHER!A:A, RANDBETWEEN(2, COUNTA(TEACHER!A:A))) -> F.IT47 | F2: =LOOKUP(LESSON_CHOOSE!D1,TEACHER!A:A,TEACHER!B:B) -> Мөнхтулга
A3: {=INDEX(STUDENT!A:A,RANDBETWEEN(2,COUNTA(STUDENT!A:A)))} -> B241940165 | B3: =LOOKUP(LESSON_CHOOSE!B2,STUDENT!A:A, STUDENT!C:C) -> Амина | C3: =INDEX(LESSON!A:A, RANDBETWEEN(2, COUNTA(LESSON!A:A))) -> F.ITA116 | D3: =LOOKUP(LESSON_CHOOSE!C2, LESSON!A:A,LESSON!B:B) -> Мэдээллийн технологийн дэд бүтэц | E3: =INDEX(TEACHER!A:A, RANDBETWEEN(2, COUNTA(TEACHER!A:A))) -> F.IT38 | F3: =LOOKUP(LESSON_CHOOSE!D2,TEACHER!A:A,TEACHER!B:B) -> Оюундэлгэр
A4: {=INDEX(STUDENT!A:A,RANDBETWEEN(2,COUNTA(STUDENT!A:A)))} -> B241940322 | B4: =LOOKUP(LESSON_CHOOSE!B3,STUDENT!A:A, STUDENT!C:C) -> Лхагвасүрэн | C4: =INDEX(LESSON!A:A, RANDBETWEEN(2, COUNTA(LESSON!A:A))) -> F.ITA110 | D4: =LOOKUP(LESSON_CHOOSE!C3, LESSON!A:A,LESSON!B:B) -> Дискрет бүтэц | E4: =INDEX(TEACHER!A:A, RANDBETWEEN(2, COUNTA(TEACHER!A:A))) -> F.IT24 | F4: =LOOKUP(LESSON_CHOOSE!D3,TEACHER!A:A,TEACHER!B:B) -> Ариунзаяа
A5: {=INDEX(STUDENT!A:A,RANDBETWEEN(2,COUNTA(STUDENT!A:A)))} -> B241940475 | B5: =LOOKUP(LESSON_CHOOSE!B4,STUDENT!A:A, STUDENT!C:C) -> Алтангэрэл | C5: =INDEX(LESSON!A:A, RANDBETWEEN(2, COUNTA(LESSON!A:A))) -> F.ITA114 | D5: =LOOKUP(LESSON_CHOOSE!C4, LESSON!A:A,LESSON!B:B) -> Мэргэжлийн удиртгал | E5: =INDEX(TEACHER!A:A, RANDBETWEEN(2, COUNTA(TEACHER!A:A))) -> F.IT04 | F5: =LOOKUP(LESSON_CHOOSE!D4,TEACHER!A:A,TEACHER!B:B) -> Лхагвасүрэн
A6: {=INDEX(STUDENT!A:A,RANDBETWEEN(2,COUNTA(STUDENT!A:A)))} -> B241940376 | B6: =LOOKUP(LESSON_CHOOSE!B5,STUDENT!A:A, STUDENT!C:C) -> Пүрэвсамбуу | C6: =INDEX(LESSON!A:A, RANDBETWEEN(2, COUNTA(LESSON!A:A))) -> F.ITA103 | D6: =LOOKUP(LESSON_CHOOSE!C5, LESSON!A:A,LESSON!B:B) -> Хэл ярианы соёл | E6: =INDEX(TEACHER!A:A, RANDBETWEEN(2, COUNTA(TEACHER!A:A))) -> F.IT29 | F6: =LOOKUP(LESSON_CHOOSE!D5,TEACHER!A:A,TEACHER!B:B) -> Аминхүсэл
A7: {=INDEX(STUDENT!A:A,RANDBETWEEN(2,COUNTA(STUDENT!A:A)))} -> B241940048 | B7: =LOOKUP(LESSON_CHOOSE!B6,STUDENT!A:A, STUDENT!C:C) -> Анхбаяр | C7: =INDEX(LESSON!A:A, RANDBETWEEN(2, COUNTA(LESSON!A:A))) -> F.ITA130 | D7: =LOOKUP(LESSON_CHOOSE!C6, LESSON!A:A,LESSON!B:B) -> Хиймэл оюун ухааны үндэс | E7: =INDEX(TEACHER!A:A, RANDBETWEEN(2, COUNTA(TEACHER!A:A))) -> F.IT06 | F7: =LOOKUP(LESSON_CHOOSE!D6,TEACHER!A:A,TEACHER!B:B) -> Мөнхтулга
A8: {=INDEX(STUDENT!A:A,RANDBETWEEN(2,COUNTA(STUDENT!A:A)))} -> B241940426 | B8: =LOOKUP(LESSON_CHOOSE!B7,STUDENT!A:A, STUDENT!C:C) -> Элбэг | C8: =INDEX(LESSON!A:A, RANDBETWEEN(2, COUNTA(LESSON!A:A))) -> F.ITA118 | D8: =LOOKUP(LESSON_CHOOSE!C7, LESSON!A:A,LESSON!B:B) -> Үйлдвэрлэлийн дадлага | E8: =INDEX(TEACHER!A:A, RANDBETWEEN(2, COUNTA(TEACHER!A:A))) -> F.IT30 | F8: =LOOKUP(LESSON_CHOOSE!D7,TEACHER!A:A,TEACHER!B:B) -> Ганзориг
A9: {=INDEX(STUDENT!A:A,RANDBETWEEN(2,COUNTA(STUDENT!A:A)))} -> B241940247 | B9: =LOOKUP(LESSON_CHOOSE!B8,STUDENT!A:A, STUDENT!C:C) -> Анар | C9: =INDEX(LESSON!A:A, RANDBETWEEN(2, COUNTA(LESSON!A:A))) -> F.ITA130 | D9: =LOOKUP(LESSON_CHOOSE!C8, LESSON!A:A,LESSON!B:B) -> Монголын түүх | E9: =INDEX(TEACHER!A:A, RANDBETWEEN(2, COUNTA(TEACHER!A:A))) -> F.IT42 | F9: =LOOKUP(LESSON_CHOOSE!D8,TEACHER!A:A,TEACHER!B:B) -> Мөнх-Эрдэнэ
A10: {=INDEX(STUDENT!A:A,RANDBETWEEN(2,COUNTA(STUDENT!A:A)))} -> B241940297 | B10: =LOOKUP(LESSON_CHOOSE!B9,STUDENT!A:A, STUDENT!C:C) -> Азбаяр | C10: =INDEX(LESSON!A:A, RANDBETWEEN(2, COUNTA(LESSON!A:A))) -> F.ITA125 | D10: =LOOKUP(LESSON_CHOOSE!C9, LESSON!A:A,LESSON!B:B) -> Математик 1B | E10: =INDEX(TEACHER!A:A, RANDBETWEEN(2, COUNTA(TEACHER!A:A))) -> F.IT28 | F10: =LOOKUP(LESSON_CHOOSE!D9,TEACHER!A:A,TEACHER!B:B) -> Лхагвасүрэн
A11: {=INDEX(STUDENT!A:A,RANDBETWEEN(2,COUNTA(STUDENT!A:A)))} -> B241940044 | B11: =LOOKUP(LESSON_CHOOSE!B10,STUDENT!A:A, STUDENT!C:C) -> Ууганбаяр | C11: =INDEX(LESSON!A:A, RANDBETWEEN(2, COUNTA(LESSON!A:A))) -> F.ITA124 | D11: =LOOKUP(LESSON_CHOOSE!C10, LESSON!A:A,LESSON!B:B) -> Алгоритм ба программчлал | E11: =INDEX(TEACHER!A:A, RANDBETWEEN(2, COUNTA(TEACHER!A:A))) -> F.IT32 | F11: =LOOKUP(LESSON_CHOOSE!D10,TEACHER!A:A,TEACHER!B:B) -> Эрдэнэчимэг
A12: {=INDEX(STUDENT!A:A,RANDBETWEEN(2,COUNTA(STUDENT!A:A)))} -> B241940114 | B12: =LOOKUP(LESSON_CHOOSE!B11,STUDENT!A:A, STUDENT!C:C) -> Болд | C12: =INDEX(LESSON!A:A, RANDBETWEEN(2, COUNTA(LESSON!A:A))) -> F.ITA124 | D12: =LOOKUP(LESSON_CHOOSE!C11, LESSON!A:A,LESSON!B:B) -> Төслийн менежмент | E12: =INDEX(TEACHER!A:A, RANDBETWEEN(2, COUNTA(TEACHER!A:A))) -> F.IT14 | F12: =LOOKUP(LESSON_CHOOSE!D11,TEACHER!A:A,TEACHER!B:B) -> Түвшинбаяр
A13: {=INDEX(STUDENT!A:A,RANDBETWEEN(2,COUNTA(STUDENT!A:A)))} -> B241940496 | B13: =LOOKUP(LESSON_CHOOSE!B12,STUDENT!A:A, STUDENT!C:C) -> Төгөлдөр | C13: =INDEX(LESSON!A:A, RANDBETWEEN(2, COUNTA(LESSON!A:A))) -> F.ITA141 | D13: =LOOKUP(LESSON_CHOOSE!C12, LESSON!A:A,LESSON!B:B) -> Биеийн тамир | E13: =INDEX(TEACHER!A:A, RANDBETWEEN(2, COUNTA(TEACHER!A:A))) -> F.IT10 | F13: =LOOKUP(LESSON_CHOOSE!D12,TEACHER!A:A,TEACHER!B:B) -> Ганзориг
... A5001: {=INDEX(STUDENT!A:A,RANDBETWEEN(2,COUNTA(STUDENT!A:A)))} -> B241940001 | B5001: =LOOKUP(LESSON_CHOOSE!B5000,STUDENT!A:A, STUDENT!C:C) -> Мөнх-Эрдэнэ | C5001: =INDEX(LESSON!A:A, RANDBETWEEN(2, COUNTA(LESSON!A:A))) -> F.ITA137 | D5001: =LOOKUP(LESSON_CHOOSE!C5000, LESSON!A:A,LESSON!B:B) -> Өгөгдлийн сангийн удирдлага | E5001: =INDEX(TEACHER!A:A, RANDBETWEEN(2, COUNTA(TEACHER!A:A))) -> F.IT32 | F5001: =LOOKUP(LESSON_CHOOSE!D5000,TEACHER!A:A,TEACHER!B:B) -> Гантулга
